date,sym,side,price,qty,value,cost
20200228,252710,BUY,7346.974999999999,6805,49996164.875,7499.424731249999
20200228,252670,BUY,7226.614999999999,6849,49495086.13499999,7424.2629202499975
20200331,252710,SELL,8290.055,6805,56413824.275,138213.86947375
20200331,252670,SELL,8065.73,6849,55242184.769999996,135343.35268649997
20200331,006280,BUY,138413.99999999997,800,110731199.99999997,16609.679999999993
20200429,006280,SELL,148054.5,800,118443600.0,290186.82
20200529,012510,BUY,120359.99999999999,981,118073159.99999999,17710.973999999995
20200630,012510,SELL,101694.0,981,99761814.0,244416.4443
20200731,046890,BUY,17803.249999999996,2828,50347590.99999999,7552.138649999998
20200731,002900,BUY,4154.4259999999995,11999,49848957.57399999,7477.343636099999
20200831,046890,SELL,16251.1,2828,45958110.800000004,112597.37146000001
20200831,002900,SELL,4298.067,11999,51572505.933,126352.63953584999
20200831,009410,BUY,22039.922,2218,48884546.996,7332.682049399999
20200831,017670,BUY,42916.363999999994,1127,48366742.22799999,7255.011334199999
20200929,009410,SELL,20061.634,2218,44496704.212,109016.92531939999
20200929,017670,SELL,40939.811,1127,46139166.997,113040.95914265
20200929,009460,BUY,2326.9599999999996,38688,90025428.47999999,13503.814271999998
20201030,009460,SELL,1964.09,38688,75986713.92,186167.449104
20201030,068290,BUY,23921.549999999996,3174,75926999.69999999,11389.049954999997
20201130,068290,SELL,26071.55,3174,82751099.7,202740.194265
20201130,008930,BUY,66610.233,178,11856621.474,1778.4932210999998
20201130,005300,BUY,99698.19999999998,119,11864085.799999997,1779.6128699999995
20201130,033240,BUY,16900.55,704,11897987.2,1784.6980799999997
20201130,039130,BUY,52025.60999999999,228,11861839.079999998,1779.2758619999995
20201130,066970,BUY,48522.130999999994,245,11887922.094999999,1783.1883142499996
20201130,026960,BUY,34101.99999999999,348,11867495.999999998,1780.1243999999995
20201130,032640,BUY,11985.849999999999,992,11889963.2,1783.4944799999998
20201230,008930,SELL,73071.127,178,13006660.605999999,31866.318484699997
20201230,005300,SELL,108174.5,119,12872765.5,31538.275475
20201230,033240,SELL,22731.6,704,16003046.399999999,39207.46367999999
20201230,039130,SELL,54537.894,228,12434639.832,30464.8675884
20201230,066970,SELL,68560.699,245,16797371.255,41153.55957475
20201230,026960,SELL,33848.15,348,11779156.200000001,28858.93269
20201230,032640,SELL,11714.75,992,11621032.0,28471.5284
20201230,066570,BUY,135404.99999999997,77,10426184.999999998,1563.9277499999996
20201230,195870,BUY,24473.199999999997,428,10474529.6,1571.1794399999999
20201230,001820,BUY,66097.7,158,10443436.6,1566.5154899999998
20201230,000990,BUY,51152.99999999999,205,10486364.999999998,1572.9547499999996
20201230,010780,BUY,53560.2,195,10444239.0,1566.63585
20201230,001040,BUY,92376.29999999999,113,10438521.899999999,1565.7782849999996
20201230,097520,BUY,40521.2,258,10454469.6,1568.1704399999999
20201230,077500,BUY,7372.049999999999,1423,10490427.149999999,1573.5640724999996
20201230,089030,BUY,12009.921999999999,873,10484661.906,1572.6992858999997
20210129,066570,SELL,152541.0,77,11745657.0,28776.85965
20210129,195870,SELL,34047.55,428,14572351.4,35702.26093
20210129,001820,SELL,74575.6,158,11782944.8,28868.214760000003
20210129,000990,SELL,61315.5,205,12569677.5,30795.709875
20210129,010780,SELL,53538.9,195,10440085.5,25578.209475
20210129,001040,SELL,93817.7,113,10601400.1,25973.430245
20210129,097520,SELL,51943.7,258,13401474.6,32833.61277
20210129,077500,SELL,6654.975,1423,9470029.425,23201.57209125
20210129,089030,SELL,11331.902,873,9892750.446,24237.2385927
20210226,145720,BUY,61383.59999999999,567,34804501.199999996,5220.675179999999
20210226,032350,BUY,21815.249999999996,1596,34817138.99999999,5222.570849999998
20210226,001390,BUY,5707.07,6051,34533480.57,5180.0220855
20210331,145720,SELL,63907.7,567,36235665.9,88777.381455
20210331,032350,SELL,18643.9,1596,29755664.400000002,72901.37778000001
20210331,001390,SELL,5383.8,6051,32577373.8,79814.56581
20210331,011700,BUY,2347.0199999999995,10510,24667180.199999996,3700.077029999999
20210331,051600,BUY,31594.499999999996,780,24643709.999999996,3696.5564999999992
20210331,002380,BUY,238212.49999999997,103,24535887.499999996,3680.383124999999
20210331,010140,BUY,7356.0019999999995,3339,24561690.678,3684.2536016999998
20210430,011700,SELL,2213.34,10510,23262203.400000002,56992.39833
20210430,051600,SELL,33848.15,780,26401557.0,64683.81465
20210430,002380,SELL,312061.0,103,32142283.0,78748.59335
20210430,010140,SELL,7057.763,3339,23565870.657,57736.38310965
20210430,042660,BUY,32701.811999999998,1073,35089044.276,5263.3566414
20210430,082740,BUY,7828.414999999999,4486,35118269.69,5267.7404535
20210430,004990,BUY,36709.799999999996,947,34764180.599999994,5214.627089999999
20210531,042660,SELL,29849.183,1073,32028173.359,78469.02472955
20210531,082740,SELL,8172.409,4486,36661426.774,89820.4955963
20210531,034020,BUY,19264.621,559,10768923.139,1615.33847085
20210531,010690,BUY,7321.9,1471,10770514.9,1615.577235
20210531,039130,BUY,87786.57199999999,122,10709961.783999998,1606.4942675999996
20210531,018250,BUY,29438.049999999996,365,10744888.249999998,1611.7332374999996
20210531,007070,BUY,33670.71,319,10740956.49,1611.1434734999998
20210531,013890,BUY,79503.798,135,10733012.729999999,1609.9519094999996
20210531,035250,BUY,28836.249999999996,151,4354273.749999999,653.1410624999997
20210531,079160,BUY,23441.112999999998,2,46882.225999999995,7.0323338999999985
20210531,001740,BUY,6078.179999999999,2,12156.359999999999,1.8234539999999997
20210630,004990,SELL,40079.4,947,37955191.800000004,92990.21991000001
20210630,034020,SELL,22949.943,559,12829018.137,31431.09443565
20210630,010690,SELL,10019.85,1471,14739199.35,36111.0384075
20210630,039130,SELL,77132.905,122,9410214.41,23055.0253045
20210630,018250,SELL,27417.5,365,10007387.5,24518.099374999998
20210630,007070,SELL,32957.829,319,10513547.451,25758.191254949998
20210630,013890,SELL,77893.616,135,10515638.16,25763.313492
20210630,035250,SELL,26819.3,151,4049714.3,9921.800034999998
20210630,079160,SELL,21246.07,2,42492.14,104.10574299999999
20210630,001740,SELL,6001.94,2,12003.88,29.409505999999997
20210630,181710,BUY,43634.511999999995,629,27446108.047999997,4116.916207199999
20210630,010170,BUY,3279.8099999999995,8370,27452009.699999996,4117.801454999999
20210630,090460,BUY,20711.949999999997,1325,27443333.749999996,4116.500062499999
20210630,033530,BUY,9949.759999999998,2731,27172794.559999995,4075.919183999999
20210730,181710,SELL,40149.19,629,25253840.51,61871.9092495
20210730,010170,SELL,2861.39,8370,23949834.3,58677.094035
20210730,090460,SELL,19092.55,1325,25297628.75,61979.1904375
20210730,033530,SELL,9650.96,2731,26356771.759999998,64574.090811999995
20210730,025860,BUY,12637.8,2661,33629185.8,5044.377869999999
20210730,007110,BUY,3134.3749999999995,10729,33628709.37499999,5044.306406249999
20210730,344820,BUY,74522.9,446,33237213.4,4985.582009999999
20210831,025860,SELL,10917.15,2661,29050536.15,71173.8135675
20210831,007110,SELL,2706.855,10729,29041847.295,71152.52587275
20210831,344820,SELL,74276.5,446,33127319.0,81161.93155
20210831,089980,BUY,71112.7,214,15218117.799999999,2282.7176699999995
20210831,006280,BUY,386154.99999999994,39,15060044.999999998,2259.0067499999996
20210831,033530,BUY,11684.949999999999,1303,15225489.849999998,2283.8234774999996
20210831,298040,BUY,82245.99999999999,185,15215509.999999998,2282.3264999999997
20210831,000880,BUY,34904.399999999994,436,15218318.399999997,2282.7477599999993
20210831,010060,BUY,101223.76299999999,150,15183564.45,2277.5346674999996
20210930,089980,SELL,67397.2,214,14423000.799999999,35336.35195999999
20210930,006280,SELL,330505.5,39,12889714.5,31579.800525
20210930,033530,SELL,12213.25,1303,15913864.75,38988.9686375
20210930,298040,SELL,76968.4,185,14239153.999999998,34885.927299999996
20210930,000880,SELL,34147.25,436,14888201.0,36476.09245
20210930,010060,SELL,127555.183,150,19133277.45,46876.5297525
20210930,036460,BUY,48795.95,625,30497468.75,4574.620312499999
20210930,036420,BUY,53760.799999999996,567,30482373.599999998,4572.35604
20210930,005950,BUY,8951.775,3374,30203288.849999998,4530.493327499999
20211029,036460,SELL,44167.1,625,27604437.5,67630.871875
20211029,036420,SELL,69790.0,567,39570930.0,96948.7785
20211029,005950,SELL,7577.2,3374,25565472.8,62635.40836
20211029,082740,BUY,7261.719999999999,12654,91889804.88,13783.470731999998
20211130,082740,SELL,5802.54,12654,73425341.16,179892.08584199997
20211230,140410,BUY,72683.39799999999,510,37068532.98,5560.279946999999
20211230,192650,BUY,12136.3,3025,36712307.5,5506.846124999999
20220128,140410,SELL,61067.247,510,31144295.970000003,76303.5251265
20220128,192650,SELL,9790.54,3025,29616383.500000004,72560.13957500001
20220128,004370,BUY,323968.99999999994,186,60258233.99999999,9038.735099999998
20220228,004370,SELL,306079.0,186,56930694.0,139480.2003
20220228,036460,BUY,41173.149999999994,279,11487308.849999998,1723.0963274999995
20220228,161890,BUY,46238.299999999996,248,11467098.399999999,1720.0647599999995
20220228,028670,BUY,6589.709999999999,1745,11499043.95,1724.8565924999998
20220228,047040,BUY,6288.8099999999995,1828,11495944.68,1724.391702
20220228,010140,BUY,5837.459999999999,1958,11429746.679999998,1714.4620019999995
20220331,036460,SELL,39481.2,279,11015254.799999999,26987.374259999997
20220331,161890,SELL,43369.5,248,10755636.0,26351.3082
20220331,028670,SELL,6969.03,1745,12160957.35,29794.3455075
20220331,047040,SELL,6979.0,1828,12757612.0,31256.1494
20220331,010140,SELL,5662.96,1958,11088075.68,27165.785416
20220429,005950,BUY,7873.549999999999,3667,28872307.849999998,4330.8461775
20220429,004430,BUY,27281.6,1047,28563835.2,4284.575279999999
20220531,005950,SELL,7552.275,3667,27694192.424999997,67850.77144124999
20220531,004430,SELL,25174.25,1047,26357439.75,64575.727387499996
20220531,000210,BUY,70410.59999999999,256,18025113.599999998,2703.7670399999993
20220531,009830,BUY,48864.153999999995,369,18030872.825999998,2704.6309238999993
20220531,003550,BUY,80440.59999999999,223,17938253.799999997,2690.7380699999994
20220630,000210,SELL,70687.3,256,18095948.8,44335.07456
20220630,009830,SELL,47141.151,369,17395084.719,42617.95756155
20220630,003550,SELL,77666.3,223,17319584.900000002,42432.983005
20220729,064350,BUY,26629.649999999998,662,17628828.299999997,2644.3242449999993
20220729,009830,BUY,54807.93199999999,321,17593346.172,2639.0019257999998
20220729,011210,BUY,68304.29999999999,256,17485900.799999997,2622.8851199999995
20220831,064350,SELL,30209.1,662,19998424.2,48996.13929
20220831,009830,SELL,65426.131,321,21001788.051,51454.380724949995
20220831,011210,SELL,75772.0,256,19397632.0,47524.1984
20220831,005950,BUY,12813.324999999999,1572,20142546.9,3021.3820349999996
20220831,033240,BUY,29137.149999999998,691,20133770.65,3020.0655974999995
20220831,010130,BUY,674015.9999999999,29,19546463.999999996,2931.969599999999
20220930,005950,SELL,10493.425,1572,16495664.1,40414.377045
20220930,033240,SELL,19640.9,691,13571861.9,33251.061655
20220930,010130,SELL,593215.0,29,17203235.0,42147.92575
20220930,252710,BUY,4072.1799999999994,11612,47286154.16,7092.923123999999
20221031,252710,SELL,3549.32,11612,41214703.84,100976.02440800001
20221031,267270,BUY,43128.99999999999,482,20788177.999999996,3118.2266999999993
20221031,379800,BUY,12137.302999999998,1696,20584865.887999997,3087.729883199999
20221130,267270,SELL,59720.3,482,28785184.6,70523.70227
20221130,379800,SELL,11398.701,1696,19332196.895999998,47363.882395199995
20230131,272210,BUY,13390.05,1200,16068060.0,2410.209
20230131,010140,BUY,5807.369999999999,2766,16063185.419999998,2409.4778129999995
20230131,091810,BUY,3248.7169999999996,4897,15908967.148999998,2386.3450723499996
20230228,272210,SELL,12332.89,1200,14799468.0,36258.696599999996
20230228,010140,SELL,5483.5,2766,15167361.0,37160.03445
20230228,091810,SELL,3081.727,4897,15091217.118999999,36973.481941549995
20230228,088350,BUY,2983.9249999999997,3779,11276252.575,1691.4378862499998
20230228,000150,BUY,101302.99999999999,111,11244632.999999998,1686.6949499999996
20230228,001040,BUY,87160.7,129,11243730.299999999,1686.5595449999996
20230228,009900,BUY,20260.6,553,11204111.799999999,1680.6167699999996
20230331,088350,SELL,2392.8,3779,9042391.200000001,22153.858440000004
20230331,000150,SELL,97606.3,111,10834299.3,26544.033285
20230331,001040,SELL,103987.1,129,13414335.9,32865.122955
20230331,009900,SELL,21136.4,553,11688429.200000001,28636.651540000003
20230331,066970,BUY,314440.49999999994,20,6288809.999999999,943.3214999999998
20230331,024900,BUY,3901.6699999999996,1647,6426050.489999999,963.9075734999998
20230331,396500,BUY,8056.096,797,6420708.512,963.1062767999999
20230331,091160,BUY,28546.382999999998,225,6422936.175,963.4404262499999
20230331,105840,BUY,9819.369999999999,654,6421867.9799999995,963.2801969999998
20230331,017960,BUY,12316.839999999998,521,6417073.639999999,962.5610459999997
20230331,034220,BUY,15231.557999999999,422,6427717.476,964.1576213999999
20230428,066970,SELL,264205.0,20,5284100.0,12946.045
20230428,024900,SELL,5672.93,1647,9343315.71,22891.1234895
20230428,396500,SELL,7666.93,797,6110543.21,14970.8308645
20230428,091160,SELL,27003.745,225,6075842.625,14885.814431249999
20230428,105840,SELL,8604.11,654,5627087.94,13786.365453
20230428,017960,SELL,11415.65,521,5947553.649999999,14571.506442499998
20230428,034220,SELL,13674.852,422,5770787.544000001,14138.429482800002
20230531,396500,BUY,8649.872,2556,22109072.832,3316.3609247999993
20230531,091160,BUY,30163.218999999997,725,21868333.775,3280.2500662499997
20230630,396500,SELL,9065.721,2556,23171982.876,56771.358046199995
20230630,091160,SELL,31676.684,725,22965595.900000002,56265.709955000006
20230630,267270,BUY,86057.4,532,45782536.8,6867.380519999999
20230731,267270,SELL,81454.9,532,43334006.8,106168.31665999998
20230731,006740,BUY,42477.049999999996,257,10916601.85,1637.4902774999998
20230731,000100,BUY,70075.598,155,10861717.69,1629.2576534999998
20230731,001060,BUY,41809.051999999996,261,10912162.571999999,1636.8243857999996
20230731,091160,BUY,34641.613999999994,314,10877466.795999998,1631.6200193999996
20230831,006740,SELL,48753.3,257,12529598.100000001,30697.515345000003
20230831,000100,SELL,69465.975,155,10767226.125,26379.70400625
20230831,001060,SELL,45030.502,261,11752961.022,28794.7545039
20230831,091160,SELL,33163.211,314,10413248.254,25512.4582223
20230831,004490,BUY,60079.7,749,44999695.3,6749.954294999999
20230927,004490,SELL,58922.7,749,44133102.3,108126.100635
20231031,252710,BUY,3309.8999999999996,6721,22245837.9,3336.8756849999995
20231031,006650,BUY,159577.3,138,22021667.4,3303.2501099999995
20231130,252710,SELL,2661.99,6721,17891234.79,43833.5252355
20231130,006650,SELL,163906.8,138,22619138.4,55416.88907999999
20231130,017670,BUY,52356.59999999999,258,13508002.799999997,2026.2004199999994
20231130,000120,BUY,113439.29999999999,119,13499276.7,2024.8915049999996
20231130,000990,BUY,62085.69999999999,217,13472596.899999999,2020.8895349999996
20231228,017670,SELL,49949.7,258,12887022.6,31573.20537
20231228,000120,SELL,126818.4,119,15091389.6,36973.90452
20231228,000990,SELL,58424.2,217,12678051.399999999,31061.225929999997
20231228,200880,BUY,19237.539999999997,1057,20334079.779999997,3050.1119669999994
20231228,088980,BUY,12455.253999999999,1618,20152600.972,3022.8901457999996
20240131,200880,SELL,16839.33,1057,17799171.810000002,43607.9709345
20240131,088980,SELL,12400.686,1618,20064309.948,49157.55937259999
20240131,000880,BUY,27331.749999999996,138,3771781.4999999995,565.7672249999998
20240131,000270,BUY,103208.69999999998,36,3715513.1999999993,557.3269799999998
20240131,036460,BUY,26529.35,143,3793697.05,569.0545574999999
20240131,028260,BUY,138413.99999999997,27,3737177.999999999,560.5766999999998
20240131,055550,BUY,40972.549999999996,92,3769474.5999999996,565.4211899999999
20240131,207940,BUY,1239972.792,3,3719918.3759999997,557.9877563999999
20240131,023530,BUY,82446.59999999999,46,3792543.5999999996,568.8815399999999
20240131,034730,BUY,184050.49999999997,20,3681009.9999999995,552.1514999999998
20240131,088350,BUY,3044.1049999999996,1247,3795998.9349999996,569.3998402499999
20240131,004990,BUY,29137.149999999998,130,3787829.4999999995,568.1744249999999
20240229,000880,SELL,29311.8,138,4045028.4,9910.31958
20240229,000270,SELL,124126.5,36,4468554.0,10947.9573
20240229,036460,SELL,28913.0,143,4134559.0,10129.66955
20240229,028260,SELL,156229.9,27,4218207.3,10334.607885
20240229,055550,SELL,43419.35,92,3994580.1999999997,9786.72149
20240229,207940,SELL,1135711.613,3,3407134.8389999997,8347.480355549998
20240229,023530,SELL,77367.2,46,3558891.1999999997,8719.28344
20240229,034730,SELL,191224.6,20,3824492.0,9370.0054
20240229,088350,SELL,3140.55,1247,3916265.85,9594.8513325
20240229,004990,SELL,30109.4,130,3914222.0,9589.8439
20240229,015760,BUY,24874.399999999998,533,13258055.2,1988.7082799999996
20240229,079160,BUY,6198.539999999999,2140,13264875.599999998,1989.7313399999996
20240229,145720,BUY,144632.59999999998,90,13016933.999999998,1952.5400999999995
20240329,015760,SELL,21934.0,533,11690822.0,28642.513899999998
20240329,079160,SELL,5523.38,2140,11820033.200000001,28959.08134
20240329,145720,SELL,135492.3,90,12194306.999999998,29876.052149999996
20240329,449450,BUY,14892.543999999998,2384,35503824.896,5325.573734399999
20240430,449450,SELL,15426.581,2384,36776969.104,90103.5743048
20240430,090430,BUY,170008.49999999997,54,9180458.999999998,1377.0688499999997
20240430,204320,BUY,39518.2,234,9247258.799999999,1387.0888199999997
20240430,011070,BUY,222665.99999999997,41,9129305.999999998,1369.3958999999995
20240430,329180,BUY,138113.09999999998,67,9253577.7,1388.0366549999997
20240531,090430,SELL,193617.4,54,10455339.6,25615.582019999998
20240531,204320,SELL,43269.8,234,10125133.200000001,24806.576340000003
20240531,011070,SELL,247256.0,41,10137496.0,24836.8652
20240531,329180,SELL,128313.9,67,8597031.299999999,21062.726684999998
20240531,090460,BUY,26529.35,743,19711307.05,2956.6960575
20240531,161890,BUY,64492.899999999994,302,19476855.799999997,2921.528369999999
20240628,090460,SELL,24127.4,743,17926658.2,43920.312589999994
20240628,161890,SELL,70986.4,302,21437892.799999997,52522.83735999999
20240628,003490,BUY,23319.749999999996,1677,39107220.74999999,5866.083112499999
20240731,003490,SELL,21186.25,1677,35529341.25,87046.8860625
20240731,009540,BUY,207620.99999999997,28,5813387.999999999,872.0081999999998
20240731,138930,BUY,9548.56,625,5967850.0,895.1774999999999
20240731,028050,BUY,28635.649999999998,208,5956215.199999999,893.4322799999998
20240731,006360,BUY,19909.55,300,5972865.0,895.9297499999999
20240731,006280,BUY,134101.09999999998,44,5900448.3999999985,885.0672599999997
20240731,207940,BUY,1384636.4849999999,4,5538545.9399999995,830.7818909999999
20240830,009540,SELL,190825.8,28,5343122.399999999,13090.649879999999
20240830,138930,SELL,10129.52,625,6330950.0,15510.8275
20240830,028050,SELL,25273.95,208,5256981.600000001,12879.604920000002
20240830,006360,SELL,20438.5,300,6131550.0,15022.297499999999
20240830,006280,SELL,170387.3,44,7497041.199999999,18367.750939999998
20240830,207940,SELL,1437982.073,4,5751928.292,14092.2243154
20240830,091810,BUY,2808.3999999999996,13014,36548517.599999994,5482.277639999998
20240930,091810,SELL,2915.228,13014,37938777.192,92950.0041204
20241129,003490,BUY,26027.85,1453,37818466.05,5672.769907499999
20241230,003490,SELL,22532.2,1453,32739286.6,80211.25217
20250131,086280,BUY,149848.19999999998,110,16483301.999999998,2472.4952999999996
20250131,000720,BUY,31143.149999999998,526,16381296.899999999,2457.1945349999996
20250228,086280,SELL,129709.7,110,14268067.0,34956.764149999995
20250228,000720,SELL,33399.5,526,17568137.0,43041.93565
20250228,047050,BUY,52055.7,607,31597809.9,4739.671484999999
20250331,047050,SELL,49102.25,607,29805065.75,73022.4110875
20250430,006800,BUY,11833.393999999998,846,10011051.324,1501.6576985999998
20250430,008770,BUY,44081.85,227,10006579.95,1500.9869924999998
20250430,130660,BUY,12657.859999999999,785,9936420.1,1490.4630149999998
20250530,006800,SELL,15435.554,846,13058478.684,31993.2727758
20250530,008770,SELL,49451.2,227,11225422.399999999,27502.284879999996
20250530,130660,SELL,11425.62,785,8969111.700000001,21974.323665000004
20250530,071050,BUY,108323.99999999999,61,6607763.999999999,991.1645999999997
20250530,047040,BUY,4227.6449999999995,1574,6654313.2299999995,998.1469844999998
20250530,000880,BUY,75726.49999999999,87,6588205.499999999,988.2308249999998
20250530,032830,BUY,99196.69999999998,67,6646178.8999999985,996.9268349999996
20250530,078930,BUY,43680.649999999994,152,6639458.799999999,995.9188199999998
20250630,071050,SELL,139181.2,61,8490053.200000001,20800.630340000003
20250630,047040,SELL,4167.46,1574,6559582.04,16070.975998
20250630,000880,SELL,94017.1,87,8179487.7,20039.744865
20250630,032830,SELL,127017.8,67,8510192.6,20849.971869999998
20250630,078930,SELL,46510.05,152,7069527.600000001,17320.34262
20250630,001430,BUY,32998.7,392,12935490.399999999,1940.3235599999996
20250630,103590,BUY,41323.6,313,12934286.799999999,1940.1430199999998
20250630,055550,BUY,61584.19999999999,208,12809513.599999998,1921.4270399999996
20250731,001430,SELL,31255.95,392,12252332.4,30018.21438
20250731,103590,SELL,42422.35,313,13278195.549999999,32531.579097499995
20250731,055550,SELL,67796.0,208,14101568.0,34548.8416
20250731,034220,BUY,10872.519999999999,1825,19842348.999999996,2976.352349999999
20250731,042660,BUY,112636.9,174,19598820.599999998,2939.8230899999994
20250829,034220,SELL,11964.0,1825,21834300.0,53494.034999999996
20250829,042660,SELL,111664.0,174,19429536.0,47602.3632
20250829,011070,BUY,169607.3,241,40875359.3,6131.303894999999
20250930,011070,SELL,187236.6,241,45124020.6,110553.85047
20251031,396500,BUY,18851.385,483,9105218.955,1365.7828432499998
20251031,352820,BUY,342022.99999999994,26,8892597.999999998,1333.8896999999995
20251031,417200,BUY,13440.199999999999,677,9099015.399999999,1364.8523099999998
20251031,011790,BUY,120389.08699999998,75,9029181.524999999,1354.3772287499996
20251031,005380,BUY,290869.99999999994,31,9016969.999999998,1352.5454999999995
20251128,396500,SELL,17876.21,483,8634209.43,21153.813103499997
20251128,352820,SELL,298601.5,26,7763639.0,19020.915549999998
20251128,417200,SELL,11625.02,677,7870138.54,19281.839423
20251128,011790,SELL,104206.44,75,7815483.0,19147.93335
20251128,005380,SELL,260715.5,31,8082180.5,19801.342225
20251128,204320,BUY,46739.799999999996,857,40056008.599999994,6008.401289999999
20251230,204320,SELL,58523.9,857,50154982.300000004,122879.70663500001
20251230,347700,BUY,14734.069999999998,3388,49919029.16,7487.854373999999
20260130,347700,SELL,27118.4,3388,91877139.2,225098.99104
20260130,417200,BUY,17381.989999999998,1767,30713976.33,4607.096449499999
20260130,396500,BUY,29849.279999999995,1029,30714909.119999994,4607.236367999999
20260130,108320,BUY,54864.09999999999,554,30394711.399999995,4559.206709999999
20260227,417200,SELL,17527.26,1767,30970668.419999998,75878.13762899999
20260227,396500,SELL,35981.73,1029,37025200.17,90711.7404165
20260227,108320,SELL,58224.8,554,32256539.200000003,79028.52104
20260227,012510,BUY,118755.19999999998,168,19950873.599999998,2992.6310399999993
20260227,138540,BUY,74121.7,270,20012859.0,3001.92885
20260227,010690,BUY,15576.589999999998,1288,20062647.919999998,3009.3971879999995
20260227,439260,BUY,99798.49999999999,201,20059498.499999996,3008.924774999999
20260227,051910,BUY,418752.49999999994,47,19681367.499999996,2952.205124999999
20260331,012510,SELL,118742.7,168,19948773.599999998,48874.495319999995
20260331,138540,SELL,53484.065,270,14440697.55,35379.7089975
20260331,010690,SELL,10279.07,1288,13239442.16,32436.633292
20260331,439260,SELL,85442.9,201,17174022.9,42076.35610499999
20260331,051910,SELL,298103.0,47,14010841.0,34326.56045
20260401,375500,BUY,72717.49999999999,1077,78316747.49999999,11747.512124999997
