date,equity
2020-01-02,100000000.0
2020-01-03,100000000.0
2020-01-06,100000000.0
2020-01-07,100000000.0
2020-01-08,100000000.0
2020-01-09,100000000.0
2020-01-10,100000000.0
2020-01-13,100000000.0
2020-01-14,100000000.0
2020-01-15,100000000.0
2020-01-16,100000000.0
2020-01-17,100000000.0
2020-01-20,100000000.0
2020-01-21,100000000.0
2020-01-22,100000000.0
2020-01-23,100000000.0
2020-01-28,100000000.0
2020-01-29,100000000.0
2020-01-30,100000000.0
2020-01-31,100000000.0
2020-02-03,100000000.0
2020-02-04,100000000.0
2020-02-05,100000000.0
2020-02-06,100000000.0
2020-02-07,100000000.0
2020-02-10,100000000.0
2020-02-11,100000000.0
2020-02-12,100000000.0
2020-02-13,100000000.0
2020-02-14,100000000.0
2020-02-17,100000000.0
2020-02-18,100000000.0
2020-02-19,100000000.0
2020-02-20,100000000.0
2020-02-21,100000000.0
2020-02-24,100000000.0
2020-02-25,100000000.0
2020-02-26,100000000.0
2020-02-27,100000000.0
2020-02-28,99687495.30234851
2020-03-02,97843985.30234851
2020-03-03,97059210.30234851
2020-03-04,92689930.30234851
2020-03-05,90914910.30234851
2020-03-06,94464950.30234851
2020-03-09,102759205.30234851
2020-03-10,101120945.30234851
2020-03-11,107231000.30234851
2020-03-12,115491010.30234851
2020-03-13,120032175.30234851
2020-03-16,129794565.30234851
2020-03-17,134572585.3023485
2020-03-18,150513960.3023485
2020-03-19,171298985.3023485
2020-03-20,146107795.3023485
2020-03-23,161912850.3023485
2020-03-24,132492440.30234851
2020-03-25,117537790.30234851
2020-03-26,121326665.30234851
2020-03-27,115626450.30234851
2020-03-30,116308710.30234851
2020-03-31,111528467.44518828
2020-04-01,115128467.44518828
2020-04-02,116328467.44518828
2020-04-03,113528467.44518828
2020-04-06,124328467.44518828
2020-04-07,133928467.44518828
2020-04-08,127928467.44518828
2020-04-09,127128467.44518828
2020-04-10,127528467.44518828
2020-04-13,128728467.44518828
2020-04-14,124328467.44518828
2020-04-16,123528467.44518828
2020-04-17,119928467.44518828
2020-04-20,119928467.44518828
2020-04-21,116328467.44518828
2020-04-22,120328467.44518828
2020-04-23,121528467.44518828
2020-04-24,121928467.44518828
2020-04-27,121928467.44518828
2020-04-28,119528467.44518828
2020-04-29,119281880.62518829
2020-05-04,119281880.62518829
2020-05-06,119281880.62518829
2020-05-07,119281880.62518829
2020-05-08,119281880.62518829
2020-05-11,119281880.62518829
2020-05-12,119281880.62518829
2020-05-13,119281880.62518829
2020-05-14,119281880.62518829
2020-05-15,119281880.62518829
2020-05-18,119281880.62518829
2020-05-19,119281880.62518829
2020-05-20,119281880.62518829
2020-05-21,119281880.62518829
2020-05-22,119281880.62518829
2020-05-25,119281880.62518829
2020-05-26,119281880.62518829
2020-05-27,119281880.62518829
2020-05-28,119281880.62518829
2020-05-29,118911009.6511883
2020-06-01,118420509.6511883
2020-06-02,120873009.6511883
2020-06-03,113025009.6511883
2020-06-04,109101009.6511883
2020-06-05,104686509.6511883
2020-06-08,102234009.6511883
2020-06-09,105177009.6511883
2020-06-10,111553509.6511883
2020-06-11,113515509.6511883
2020-06-12,113025009.6511883
2020-06-15,107139009.6511883
2020-06-16,110082009.6511883
2020-06-17,113025009.6511883
2020-06-18,111063009.6511883
2020-06-19,109101009.6511883
2020-06-22,106158009.6511883
2020-06-23,112534509.6511883
2020-06-24,107629509.6511883
2020-06-25,103705509.6511883
2020-06-26,101743509.6511883
2020-06-29,101743509.6511883
2020-06-30,100708407.2068883
2020-07-01,100708407.2068883
2020-07-02,100708407.2068883
2020-07-03,100708407.2068883
2020-07-06,100708407.2068883
2020-07-07,100708407.2068883
2020-07-08,100708407.2068883
2020-07-09,100708407.2068883
2020-07-10,100708407.2068883
2020-07-13,100708407.2068883
2020-07-14,100708407.2068883
2020-07-15,100708407.2068883
2020-07-16,100708407.2068883
2020-07-17,100708407.2068883
2020-07-20,100708407.2068883
2020-07-21,100708407.2068883
2020-07-22,100708407.2068883
2020-07-23,100708407.2068883
2020-07-24,100708407.2068883
2020-07-27,100708407.2068883
2020-07-28,100708407.2068883
2020-07-29,100708407.2068883
2020-07-30,100708407.2068883
2020-07-31,100393687.15060222
2020-08-03,97374174.15060222
2020-08-04,97438639.15060222
2020-08-05,98897106.15060222
2020-08-06,98020473.15060222
2020-08-07,97250890.15060222
2020-08-10,98050588.15060222
2020-08-11,96810456.15060222
2020-08-12,96968090.15060222
2020-08-13,96040873.15060222
2020-08-14,97044554.15060222
2020-08-18,91342676.15060222
2020-08-19,94121974.15060222
2020-08-20,87476645.15060222
2020-08-21,87884611.15060222
2020-08-24,93132174.15060222
2020-08-25,100205467.15060222
2020-08-26,98995450.15060222
2020-08-27,96796104.15060222
2020-08-28,99607399.15060222
2020-08-31,97483026.95522277
2020-09-01,96316581.95522277
2020-09-02,96413503.95522277
2020-09-03,96122737.95522277
2020-09-04,95442029.95522277
2020-09-07,96608474.95522277
2020-09-08,96219659.95522277
2020-09-09,95538951.95522277
2020-09-10,95927766.95522277
2020-09-11,96511552.95522277
2020-09-14,97483026.95522277
2020-09-15,97094211.95522277
2020-09-16,96511552.95522277
2020-09-17,96705396.95522277
2020-09-18,96705396.95522277
2020-09-21,96024688.95522277
2020-09-22,89664139.95522277
2020-09-23,93887642.95522277
2020-09-24,94304631.95522277
2020-09-25,90792867.95522277
2020-09-28,89826484.95522277
2020-09-29,90653659.98548873
2020-10-05,88525819.98548873
2020-10-06,89686459.98548873
2020-10-07,90653659.98548873
2020-10-08,87945499.98548873
2020-10-12,88138939.98548873
2020-10-13,86397979.98548873
2020-10-14,83883259.98548873
2020-10-15,84850459.98548873
2020-10-16,82722619.98548873
2020-10-19,81368539.98548873
2020-10-20,81561979.98548873
2020-10-21,82722619.98548873
2020-10-22,80981659.98548873
2020-10-23,79627579.98548873
2020-10-26,77112859.98548873
2020-10-27,75565339.98548873
2020-10-28,79047259.98548873
2020-10-29,78273499.98548873
2020-10-30,76459557.70642975
2020-11-02,72968157.70642975
2020-11-03,70746357.70642975
2020-11-04,70746357.70642975
2020-11-05,72015957.70642975
2020-11-06,78840057.70642975
2020-11-09,79950957.70642975
2020-11-10,76300857.70642975
2020-11-11,75031257.70642975
2020-11-12,76776957.70642975
2020-11-13,77253057.70642975
2020-11-16,77411757.70642975
2020-11-17,76618257.70642975
2020-11-18,75507357.70642975
2020-11-19,76776957.70642975
2020-11-20,78205257.70642975
2020-11-23,82807557.70642975
2020-11-24,81855357.70642975
2020-11-25,81220557.70642975
2020-11-26,81061857.70642975
2020-11-27,84553257.70642975
2020-11-30,83046916.47593743
2020-12-01,84057610.47593743
2020-12-02,85653635.47593743
2020-12-03,84458078.47593743
2020-12-04,84517935.47593743
2020-12-07,85942524.47593743
2020-12-08,83651325.47593743
2020-12-09,84785082.47593743
2020-12-10,85115155.47593743
2020-12-11,86199165.47593743
2020-12-14,85347584.47593743
2020-12-15,85806828.47593743
2020-12-16,90322556.47593743
2020-12-17,90117914.47593743
2020-12-18,90035992.47593743
2020-12-21,90942698.47593743
2020-12-22,88761518.47593743
2020-12-23,89221159.47593743
2020-12-24,91025620.47593743
2020-12-28,91230491.47593743
2020-12-29,94239317.47593743
2020-12-30,94157039.1416812
2021-01-04,95951887.1416812
2021-01-05,94989518.1416812
2021-01-06,93989355.1416812
2021-01-07,95607376.1416812
2021-01-08,100656576.1416812
2021-01-11,103461978.1416812
2021-01-12,102492678.1416812
2021-01-13,103787449.1416812
2021-01-14,104977378.1416812
2021-01-15,104049649.1416812
2021-01-18,103810051.1416812
2021-01-19,106800666.1416812
2021-01-20,111867710.1416812
2021-01-21,114490487.1416812
2021-01-22,113275968.1416812
2021-01-25,114515893.1416812
2021-01-26,114646744.1416812
2021-01-27,112332787.1416812
2021-01-28,111088347.1416812
2021-01-29,104516190.80429223
2021-02-01,104516190.80429223
2021-02-02,104516190.80429223
2021-02-03,104516190.80429223
2021-02-04,104516190.80429223
2021-02-05,104516190.80429223
2021-02-08,104516190.80429223
2021-02-09,104516190.80429223
2021-02-10,104516190.80429223
2021-02-15,104516190.80429223
2021-02-16,104516190.80429223
2021-02-17,104516190.80429223
2021-02-18,104516190.80429223
2021-02-19,104516190.80429223
2021-02-22,104516190.80429223
2021-02-23,104516190.80429223
2021-02-24,104516190.80429223
2021-02-25,104516190.80429223
2021-02-26,104189036.76617673
2021-03-02,100699796.76617673
2021-03-03,100973036.76617673
2021-03-04,99229736.76617673
2021-03-05,99763616.76617673
2021-03-08,96833576.76617673
2021-03-09,96330206.76617673
2021-03-10,95461916.76617673
2021-03-11,96998246.76617673
2021-03-12,97154726.76617673
2021-03-15,99785876.76617673
2021-03-16,101243336.76617673
2021-03-17,100436006.76617673
2021-03-18,99036866.76617673
2021-03-19,99658856.76617673
2021-03-22,97602566.76617673
2021-03-23,96519836.76617673
2021-03-24,99373496.76617673
2021-03-25,101493626.76617673
2021-03-26,100910036.76617673
2021-03-29,99970766.76617673
2021-03-30,99376796.76617673
2021-03-31,98363553.89287505
2021-04-01,97482649.89287505
2021-04-02,96929251.89287505
2021-04-05,98965824.89287505
2021-04-06,100027768.89287505
2021-04-07,101773566.89287505
2021-04-08,103575542.89287505
2021-04-09,103638249.89287505
2021-04-12,105463515.89287505
2021-04-13,103176164.89287505
2021-04-14,104013541.89287505
2021-04-15,103904317.89287505
2021-04-16,103597752.89287505
2021-04-19,103600664.89287505
2021-04-20,105054405.89287505
2021-04-21,103920097.89287505
2021-04-22,109494531.89287505
2021-04-23,107942207.89287505
2021-04-26,108060494.89287505
2021-04-27,106920487.89287505
2021-04-28,105896001.89287505
2021-04-29,106836393.89287505
2021-04-30,105033462.47025052
2021-05-03,109335991.47025052
2021-05-04,107983518.47025052
2021-05-06,109749131.47025052
2021-05-07,108435227.47025052
2021-05-10,113673147.47025052
2021-05-11,114080859.47025052
2021-05-12,110058855.47025052
2021-05-13,107921964.47025052
2021-05-14,106082342.47025052
2021-05-17,106203701.47025052
2021-05-18,106859994.47025052
2021-05-20,103114053.47025052
2021-05-21,99992443.47025052
2021-05-24,100401348.47025052
2021-05-25,102259296.47025052
2021-05-26,101840378.47025052
2021-05-27,103553753.47025052
2021-05-28,106389616.47025052
2021-05-31,107507892.21848032
2021-06-01,108049028.21848032
2021-06-02,110907575.21848032
2021-06-03,110000383.21848032
2021-06-04,110984309.21848032
2021-06-07,114517801.21848032
2021-06-08,112014546.21848032
2021-06-09,113012656.21848032
2021-06-10,111141161.21848032
2021-06-11,111251134.21848032
2021-06-14,110019326.21848032
2021-06-15,108403548.21848032
2021-06-16,108895505.21848032
2021-06-17,108323506.21848032
2021-06-18,109248177.21848032
2021-06-21,107332033.21848032
2021-06-22,110544111.21848032
2021-06-23,108681953.21848032
2021-06-24,109812480.21848032
2021-06-25,110944889.21848032
2021-06-28,109903893.21848032
2021-06-29,110736501.21848032
2021-06-30,109466086.854108
2021-07-01,109257229.854108
2021-07-02,108109028.854108
2021-07-05,108899324.854108
2021-07-06,107767610.854108
2021-07-07,107269152.854108
2021-07-08,103521040.854108
2021-07-09,102813658.854108
2021-07-12,103429503.854108
2021-07-13,105650068.854108
2021-07-14,105855070.854108
2021-07-15,107699875.854108
2021-07-16,107591661.854108
2021-07-19,106936070.854108
2021-07-20,105262451.854108
2021-07-21,105141982.854108
2021-07-22,106039271.854108
2021-07-23,105258919.854108
2021-07-26,103965880.854108
2021-07-27,105401905.854108
2021-07-28,103382406.854108
2021-07-29,102919695.854108
2021-07-30,100574716.04828778
2021-08-02,93229591.04828778
2021-08-03,92651166.04828778
2021-08-04,94755286.04828778
2021-08-05,92404031.04828778
2021-08-06,95998836.04828778
2021-08-09,94630121.04828778
2021-08-10,92829281.04828778
2021-08-11,88694606.04828778
2021-08-12,87133231.04828778
2021-08-13,87712031.04828778
2021-08-17,83107641.04828778
2021-08-18,84685106.04828778
2021-08-19,83964586.04828778
2021-08-20,83179376.04828778
2021-08-23,86178291.04828778
2021-08-24,87350561.04828778
2021-08-25,87878716.04828778
2021-08-26,89293246.04828778
2021-08-27,89735621.04828778
2021-08-30,90748456.04828778
2021-08-31,91090191.56547251
2021-09-01,88967191.56547251
2021-09-02,89096391.56547251
2021-09-03,90414241.56547251
2021-09-06,92071691.56547251
2021-09-07,91939791.56547251
2021-09-08,90644841.56547251
2021-09-09,90741291.56547251
2021-09-10,89549241.56547251
2021-09-13,89927491.56547251
2021-09-14,91845641.56547251
2021-09-15,91516991.56547251
2021-09-16,91965991.56547251
2021-09-17,90667391.56547251
2021-09-23,91090241.56547251
2021-09-24,90494441.56547251
2021-09-27,92648091.56547251
2021-09-28,91668191.56547251
2021-09-29,91978841.56547251
2021-09-30,91218351.72516751
2021-10-01,90341701.72516751
2021-10-05,89361801.72516751
2021-10-06,87035451.72516751
2021-10-07,88145351.72516751
2021-10-08,89141051.72516751
2021-10-12,89585201.72516751
2021-10-13,89509351.72516751
2021-10-14,89060751.72516751
2021-10-15,91254551.72516751
2021-10-18,92673301.72516751
2021-10-19,92705501.72516751
2021-10-20,93921101.72516751
2021-10-21,92157151.72516751
2021-10-22,91662551.72516751
2021-10-25,90200751.72516751
2021-10-26,92777751.72516751
2021-10-27,93795401.72516751
2021-10-28,92925051.72516751
2021-10-29,92532948.61570051
2021-11-01,91634514.61570051
2021-11-02,92241906.61570051
2021-11-03,88660824.61570051
2021-11-04,85788366.61570051
2021-11-05,86281872.61570051
2021-11-08,87268884.61570051
2021-11-09,87167652.61570051
2021-11-10,83105718.61570051
2021-11-11,81119040.61570051
2021-11-12,83004486.61570051
2021-11-15,82017474.61570051
2021-11-16,81815010.61570051
2021-11-17,79334826.61570051
2021-11-18,77942886.61570051
2021-11-19,82802022.61570051
2021-11-22,82612212.61570051
2021-11-23,81220272.61570051
2021-11-24,79436058.61570051
2021-11-25,83206950.61570051
2021-11-26,81410082.61570051
2021-11-29,77942886.61570051
2021-11-30,74163437.68985851
2021-12-01,74163437.68985851
2021-12-02,74163437.68985851
2021-12-03,74163437.68985851
2021-12-06,74163437.68985851
2021-12-07,74163437.68985851
2021-12-08,74163437.68985851
2021-12-09,74163437.68985851
2021-12-10,74163437.68985851
2021-12-13,74163437.68985851
2021-12-14,74163437.68985851
2021-12-15,74163437.68985851
2021-12-16,74163437.68985851
2021-12-17,74163437.68985851
2021-12-20,74163437.68985851
2021-12-21,74163437.68985851
2021-12-22,74163437.68985851
2021-12-23,74163437.68985851
2021-12-24,74163437.68985851
2021-12-27,74163437.68985851
2021-12-28,74163437.68985851
2021-12-29,74163437.68985851
2021-12-30,73931690.08378652
2022-01-03,75894380.08378652
2022-01-04,75306720.08378652
2022-01-05,73820370.08378652
2022-01-06,72959860.08378652
2022-01-07,76239070.08378652
2022-01-10,71181630.08378652
2022-01-11,70813050.08378652
2022-01-12,70868060.08378652
2022-01-13,68959870.08378652
2022-01-14,68994040.08378652
2022-01-17,67084100.08378652
2022-01-18,65338740.08378652
2022-01-19,64182790.08378652
2022-01-20,65877660.08378652
2022-01-21,63333860.08378652
2022-01-24,62532370.08378652
2022-01-25,61275110.08378652
2022-01-26,60798440.08378652
2022-01-27,58996080.08378652
2022-01-28,60794073.15398503
2022-02-03,61073073.15398503
2022-02-04,64142073.15398503
2022-02-07,64235073.15398503
2022-02-08,63770073.15398503
2022-02-09,64235073.15398503
2022-02-10,63770073.15398503
2022-02-11,62933073.15398503
2022-02-14,63119073.15398503
2022-02-15,61538073.15398503
2022-02-16,62468073.15398503
2022-02-17,62468073.15398503
2022-02-18,62003073.15398503
2022-02-21,62189073.15398503
2022-02-22,61166073.15398503
2022-02-23,61538073.15398503
2022-02-24,61259073.15398503
2022-02-25,58841073.15398503
2022-02-28,57327057.52230103
2022-03-02,58205977.52230103
2022-03-03,59607197.52230103
2022-03-04,60861497.52230103
2022-03-07,60865767.52230103
2022-03-08,58572117.52230103
2022-03-10,59371567.52230103
2022-03-11,60813927.52230103
2022-03-14,60161287.52230103
2022-03-15,58015327.52230103
2022-03-16,58599117.52230103
2022-03-17,57974517.52230103
2022-03-18,57930867.52230103
2022-03-21,57840297.52230103
2022-03-22,58622947.52230103
2022-03-23,58311607.52230103
2022-03-24,59142807.52230103
2022-03-25,57969817.52230103
2022-03-28,58013527.52230103
2022-03-29,57267637.52230103
2022-03-30,57447117.52230103
2022-03-31,57755518.38951753
2022-04-01,57755518.38951753
2022-04-04,57755518.38951753
2022-04-05,57755518.38951753
2022-04-06,57755518.38951753
2022-04-07,57755518.38951753
2022-04-08,57755518.38951753
2022-04-11,57755518.38951753
2022-04-12,57755518.38951753
2022-04-13,57755518.38951753
2022-04-14,57755518.38951753
2022-04-15,57755518.38951753
2022-04-18,57755518.38951753
2022-04-19,57755518.38951753
2022-04-20,57755518.38951753
2022-04-21,57755518.38951753
2022-04-22,57755518.38951753
2022-04-25,57755518.38951753
2022-04-26,57755518.38951753
2022-04-27,57755518.38951753
2022-04-28,57755518.38951753
2022-04-29,57575109.918060035
2022-05-02,58674709.918060035
2022-05-03,57195884.918060035
2022-05-04,56803134.918060035
2022-05-06,57470909.918060035
2022-05-09,54302859.918060035
2022-05-10,55468084.918060035
2022-05-11,54158834.918060035
2022-05-12,52535234.918060035
2022-05-13,53517359.918060035
2022-05-16,53399634.918060035
2022-05-17,56738009.918060035
2022-05-18,54931559.918060035
2022-05-19,55468584.918060035
2022-05-20,55586309.918060035
2022-05-23,55716809.918060035
2022-05-24,54512259.918060035
2022-05-25,54760734.918060035
2022-05-26,54812834.918060035
2022-05-27,55048284.918060035
2022-05-30,55454559.918060035
2022-05-31,54060368.23219739
2022-06-02,53313037.23219739
2022-06-03,54219333.23219739
2022-06-07,54228039.23219739
2022-06-08,53882183.23219739
2022-06-09,54173936.23219739
2022-06-10,55084292.23219739
2022-06-13,53535174.23219739
2022-06-14,53269824.23219739
2022-06-15,52293037.23219739
2022-06-16,52053134.23219739
2022-06-17,52338903.23219739
2022-06-20,51412669.23219739
2022-06-21,52753906.23219739
2022-06-22,50342726.23219739
2022-06-23,49452998.23219739
2022-06-24,50546832.23219739
2022-06-27,51698682.23219739
2022-06-28,53689097.23219739
2022-06-29,53721518.23219739
2022-06-30,52908858.63607085
2022-07-01,52908858.63607085
2022-07-04,52908858.63607085
2022-07-05,52908858.63607085
2022-07-06,52908858.63607085
2022-07-07,52908858.63607085
2022-07-08,52908858.63607085
2022-07-11,52908858.63607085
2022-07-12,52908858.63607085
2022-07-13,52908858.63607085
2022-07-14,52908858.63607085
2022-07-15,52908858.63607085
2022-07-18,52908858.63607085
2022-07-19,52908858.63607085
2022-07-20,52908858.63607085
2022-07-21,52908858.63607085
2022-07-22,52908858.63607085
2022-07-25,52908858.63607085
2022-07-26,52908858.63607085
2022-07-27,52908858.63607085
2022-07-28,52908858.63607085
2022-07-29,52743301.152780056
2022-08-01,52478878.152780056
2022-08-02,52439255.152780056
2022-08-03,52036272.152780056
2022-08-04,51005506.152780056
2022-08-05,51744951.152780056
2022-08-08,53138711.152780056
2022-08-09,52335903.152780056
2022-08-10,52459938.152780056
2022-08-11,53318150.152780056
2022-08-12,53856198.152780056
2022-08-16,54376414.152780056
2022-08-17,53783352.152780056
2022-08-18,53488554.152780056
2022-08-19,53559154.152780056
2022-08-22,53211017.152780056
2022-08-23,54332758.152780056
2022-08-24,58259103.152780056
2022-08-25,58841701.152780056
2022-08-26,59214098.152780056
2022-08-29,58710031.152780056
2022-08-30,59870381.152780056
2022-08-31,60254841.71813261
2022-09-01,57687291.71813261
2022-09-02,56765291.71813261
2022-09-05,56574441.71813261
2022-09-06,58213491.71813261
2022-09-07,56730441.71813261
2022-09-08,59127391.71813261
2022-09-13,63523291.71813261
2022-09-14,63396141.71813261
2022-09-15,63628691.71813261
2022-09-16,60132541.71813261
2022-09-19,56898491.71813261
2022-09-20,56862191.71813261
2022-09-21,56308891.71813261
2022-09-22,56982441.71813261
2022-09-23,54344791.71813261
2022-09-26,51693341.71813261
2022-09-27,51555141.71813261
2022-09-28,48553941.71813261
2022-09-29,48105141.71813261
2022-09-30,47617412.27055861
2022-10-04,45295012.27055861
2022-10-05,45178892.27055861
2022-10-06,44366052.27055861
2022-10-07,44656352.27055861
2022-10-11,46572332.27055861
2022-10-12,45875612.27055861
2022-10-13,47152932.27055861
2022-10-14,44888592.27055861
2022-10-17,44830532.27055861
2022-10-18,43669332.27055861
2022-10-19,44307992.27055861
2022-10-20,45236952.27055861
2022-10-21,45062772.27055861
2022-10-24,44249932.27055861
2022-10-25,44075752.27055861
2022-10-26,43437092.27055861
2022-10-27,41985592.27055861
2022-10-28,43030672.27055861
2022-10-31,41456466.24156742
2022-11-01,42288806.24156742
2022-11-02,41891418.24156742
2022-11-03,42837098.24156742
2022-11-04,43528670.24156742
2022-11-07,43188946.24156742
2022-11-08,43236162.24156742
2022-11-09,43028894.24156742
2022-11-10,42934630.24156742
2022-11-11,43137082.24156742
2022-11-14,44595226.24156742
2022-11-15,43579362.24156742
2022-11-16,44116890.24156742
2022-11-17,44058074.24156742
2022-11-18,46942746.24156742
2022-11-21,46993458.24156742
2022-11-22,48952698.24156742
2022-11-23,49578146.24156742
2022-11-24,48615298.24156742
2022-11-25,49247698.24156742
2022-11-28,50205898.24156742
2022-11-29,49505826.24156742
2022-11-30,48206664.152902216
2022-12-01,48206664.152902216
2022-12-02,48206664.152902216
2022-12-05,48206664.152902216
2022-12-06,48206664.152902216
2022-12-07,48206664.152902216
2022-12-08,48206664.152902216
2022-12-09,48206664.152902216
2022-12-12,48206664.152902216
2022-12-13,48206664.152902216
2022-12-14,48206664.152902216
2022-12-15,48206664.152902216
2022-12-16,48206664.152902216
2022-12-19,48206664.152902216
2022-12-20,48206664.152902216
2022-12-21,48206664.152902216
2022-12-22,48206664.152902216
2022-12-23,48206664.152902216
2022-12-26,48206664.152902216
2022-12-27,48206664.152902216
2022-12-28,48206664.152902216
2022-12-29,48206664.152902216
2023-01-02,48206664.152902216
2023-01-03,48206664.152902216
2023-01-04,48206664.152902216
2023-01-05,48206664.152902216
2023-01-06,48206664.152902216
2023-01-09,48206664.152902216
2023-01-10,48206664.152902216
2023-01-11,48206664.152902216
2023-01-12,48206664.152902216
2023-01-13,48206664.152902216
2023-01-16,48206664.152902216
2023-01-17,48206664.152902216
2023-01-18,48206664.152902216
2023-01-19,48206664.152902216
2023-01-20,48206664.152902216
2023-01-25,48206664.152902216
2023-01-26,48206664.152902216
2023-01-27,48206664.152902216
2023-01-30,48206664.152902216
2023-01-31,48055768.55201687
2023-02-01,47987906.55201687
2023-02-02,48566867.55201687
2023-02-03,48171883.55201687
2023-02-06,47646019.55201687
2023-02-07,47167894.55201687
2023-02-08,46296601.55201687
2023-02-09,46066607.55201687
2023-02-10,46563352.55201687
2023-02-13,46477740.55201687
2023-02-14,46921698.55201687
2023-02-15,46216976.55201687
2023-02-16,46583012.55201687
2023-02-17,46604804.55201687
2023-02-20,46350431.55201687
2023-02-21,46505526.55201687
2023-02-22,45837282.55201687
2023-02-23,47651887.55201687
2023-02-24,46092151.55201687
2023-02-27,45710729.55201687
2023-02-28,44965651.47387408
2023-03-02,44817651.47387408
2023-03-03,44285581.47387408
2023-03-06,45121606.47387408
2023-03-07,45093466.47387408
2023-03-08,44922126.47387408
2023-03-09,45935611.47387408
2023-03-10,45027061.47387408
2023-03-13,44672871.47387408
2023-03-14,42846226.47387408
2023-03-15,44183286.47387408
2023-03-16,43605831.47387408
2023-03-17,44062611.47387408
2023-03-20,43369486.47387408
2023-03-21,43942246.47387408
2023-03-22,44019001.47387408
2023-03-23,43763186.47387408
2023-03-24,43026736.47387408
2023-03-27,43481411.47387408
2023-03-28,43753756.47387408
2023-03-29,44453311.47387408
2023-03-30,44845366.47387408
2023-03-31,44859885.36001314
2023-04-03,45740930.36001314
2023-04-04,44766909.36001314
2023-04-05,44954279.36001314
2023-04-06,43978236.36001314
2023-04-07,44502021.36001314
2023-04-10,44318856.36001314
2023-04-11,44956476.36001314
2023-04-12,44832092.36001314
2023-04-13,45620457.36001314
2023-04-14,45680809.36001314
2023-04-17,45556527.36001314
2023-04-18,44913720.36001314
2023-04-19,45480040.36001314
2023-04-20,44374230.36001314
2023-04-21,43821595.36001314
2023-04-24,43809142.36001314
2023-04-25,45178184.36001314
2023-04-26,43004873.36001314
2023-04-27,43640582.36001314
2023-04-28,44219834.9238496
2023-05-02,44219834.9238496
2023-05-03,44219834.9238496
2023-05-04,44219834.9238496
2023-05-08,44219834.9238496
2023-05-09,44219834.9238496
2023-05-10,44219834.9238496
2023-05-11,44219834.9238496
2023-05-12,44219834.9238496
2023-05-15,44219834.9238496
2023-05-16,44219834.9238496
2023-05-17,44219834.9238496
2023-05-18,44219834.9238496
2023-05-19,44219834.9238496
2023-05-22,44219834.9238496
2023-05-23,44219834.9238496
2023-05-24,44219834.9238496
2023-05-25,44219834.9238496
2023-05-26,44219834.9238496
2023-05-30,44219834.9238496
2023-05-31,44081700.70585855
2023-06-01,44387924.70585855
2023-06-02,44346429.70585855
2023-06-05,43854135.70585855
2023-06-07,43881940.70585855
2023-06-08,44058670.70585855
2023-06-09,45365162.70585855
2023-06-12,45107317.70585855
2023-06-13,46091620.70585855
2023-06-14,45690791.70585855
2023-06-15,46609474.70585855
2023-06-16,46517040.70585855
2023-06-19,46066896.70585855
2023-06-20,46509975.70585855
2023-06-21,45590012.70585855
2023-06-22,45471837.70585855
2023-06-23,45614296.70585855
2023-06-26,46272445.70585855
2023-06-27,45953071.70585855
2023-06-28,46341590.70585855
2023-06-29,46762734.70585855
2023-06-30,46116569.23333736
2023-07-03,46914569.23333736
2023-07-04,47020969.23333736
2023-07-05,46595369.23333736
2023-07-06,44786569.23333736
2023-07-07,45850569.23333736
2023-07-10,45744169.23333736
2023-07-11,47074169.23333736
2023-07-12,45424969.23333736
2023-07-13,45105769.23333736
2023-07-14,44573769.23333736
2023-07-17,43988569.23333736
2023-07-18,42498969.23333736
2023-07-19,43084169.23333736
2023-07-20,43296969.23333736
2023-07-21,42073369.23333736
2023-07-24,44786569.23333736
2023-07-25,49414969.23333736
2023-07-26,45105769.23333736
2023-07-27,41062569.23333736
2023-07-28,42977769.23333736
2023-07-31,43561959.61634115
2023-08-01,42141703.61634115
2023-08-02,42341462.61634115
2023-08-03,43122590.61634115
2023-08-04,43100501.61634115
2023-08-07,44122470.61634115
2023-08-08,43999146.61634115
2023-08-09,45273805.61634115
2023-08-10,45027125.61634115
2023-08-11,44329930.61634115
2023-08-14,44432158.61634115
2023-08-16,45099323.61634115
2023-08-17,45012940.61634115
2023-08-18,44576586.61634115
2023-08-21,44698718.61634115
2023-08-22,44200245.61634115
2023-08-23,44553184.61634115
2023-08-24,45224715.61634115
2023-08-25,44471455.61634115
2023-08-28,44414284.61634115
2023-08-29,45142656.61634115
2023-08-30,45257622.61634115
2023-08-31,45334627.43096871
2023-09-01,45484427.43096871
2023-09-04,46383227.43096871
2023-09-05,48255727.43096871
2023-09-06,46533027.43096871
2023-09-07,45709127.43096871
2023-09-08,46383227.43096871
2023-09-11,46757727.43096871
2023-09-12,46757727.43096871
2023-09-13,46458127.43096871
2023-09-14,46757727.43096871
2023-09-15,48031027.43096871
2023-09-18,48031027.43096871
2023-09-19,47881227.43096871
2023-09-20,49678827.43096871
2023-09-21,46682827.43096871
2023-09-22,46458127.43096871
2023-09-25,45409527.43096871
2023-09-26,44435827.43096871
2023-09-27,44494503.63033371
2023-10-04,44494503.63033371
2023-10-05,44494503.63033371
2023-10-06,44494503.63033371
2023-10-10,44494503.63033371
2023-10-11,44494503.63033371
2023-10-12,44494503.63033371
2023-10-13,44494503.63033371
2023-10-16,44494503.63033371
2023-10-17,44494503.63033371
2023-10-18,44494503.63033371
2023-10-19,44494503.63033371
2023-10-20,44494503.63033371
2023-10-23,44494503.63033371
2023-10-24,44494503.63033371
2023-10-25,44494503.63033371
2023-10-26,44494503.63033371
2023-10-27,44494503.63033371
2023-10-30,44494503.63033371
2023-10-31,44355458.20453871
2023-11-01,43496163.20453871
2023-11-02,42266058.20453871
2023-11-03,42189783.20453871
2023-11-06,40408718.20453871
2023-11-07,41703608.20453871
2023-11-08,41811063.20453871
2023-11-09,41623233.20453871
2023-11-10,40748463.20453871
2023-11-13,40898473.20453871
2023-11-14,40268408.20453871
2023-11-15,39986288.20453871
2023-11-16,39716293.20453871
2023-11-17,40877918.20453871
2023-11-20,40581478.20453871
2023-11-21,40592853.20453871
2023-11-22,40628248.20453871
2023-11-23,40009038.20453871
2023-11-24,41021288.20453871
2023-11-27,41510293.20453871
2023-11-28,40947438.20453871
2023-11-29,40780048.20453871
2023-11-30,40504332.59876321
2023-12-01,39675732.59876321
2023-12-04,39535032.59876321
2023-12-05,39389032.59876321
2023-12-06,40049732.59876321
2023-12-07,39839932.59876321
2023-12-08,39936132.59876321
2023-12-11,40202032.59876321
2023-12-12,40338232.59876321
2023-12-13,40404432.59876321
2023-12-14,40974932.59876321
2023-12-15,40408132.59876321
2023-12-18,40059232.59876321
2023-12-19,39897632.59876321
2023-12-20,40867732.59876321
2023-12-21,40606532.59876321
2023-12-22,40952132.59876321
2023-12-26,40990232.59876321
2023-12-27,40680532.59876321
2023-12-28,40575218.10883042
2024-01-02,40931588.10883042
2024-01-03,40140788.10883042
2024-01-04,39327308.10883042
2024-01-05,39238106.10883042
2024-01-08,38892956.10883042
2024-01-09,39054438.10883042
2024-01-10,39389018.10883042
2024-01-11,39408858.10883042
2024-01-12,38588376.10883042
2024-01-15,38703996.10883042
2024-01-16,38499188.10883042
2024-01-17,37600088.10883042
2024-01-18,37367216.10883042
2024-01-19,37272086.10883042
2024-01-22,36801396.10883042
2024-01-23,37286966.10883042
2024-01-24,37602116.10883042
2024-01-25,37962146.10883042
2024-01-26,37682366.10883042
2024-01-29,38249486.10883042
2024-01-30,38011668.10883042
2024-01-31,37862357.83380918
2024-02-01,40043530.83380918
2024-02-02,41341984.83380918
2024-02-05,41083801.83380918
2024-02-06,40216670.83380918
2024-02-07,41572370.83380918
2024-02-08,41453448.83380918
2024-02-13,41165883.83380918
2024-02-14,40326967.83380918
2024-02-15,39580628.83380918
2024-02-16,40659412.83380918
2024-02-19,42226608.83380918
2024-02-20,41159258.83380918
2024-02-21,40936210.83380918
2024-02-22,40972330.83380918
2024-02-23,40891662.83380918
2024-02-26,39047976.83380918
2024-02-27,38692421.83380918
2024-02-28,39601818.83380918
2024-02-29,39670779.10285613
2024-03-04,38641129.10285613
2024-03-05,38953629.10285613
2024-03-06,38990229.10285613
2024-03-07,37906179.10285613
2024-03-08,37845779.10285613
2024-03-11,37572579.10285613
2024-03-12,37609329.10285613
2024-03-13,37581579.10285613
2024-03-14,37717779.10285613
2024-03-15,37841029.10285613
2024-03-18,37386879.10285613
2024-03-19,36495779.10285613
2024-03-20,36153279.10285613
2024-03-21,36205629.10285613
2024-03-22,36479579.10285613
2024-03-25,36105729.10285613
2024-03-26,36009679.10285613
2024-03-27,36270129.10285613
2024-03-28,36058879.10285613
2024-03-29,35755345.18573173
2024-04-01,36337041.18573173
2024-04-02,37960545.18573173
2024-04-03,36954497.18573173
2024-04-04,37238193.18573173
2024-04-05,35686209.18573173
2024-04-08,35767265.18573173
2024-04-09,36124865.18573173
2024-04-11,36360881.18573173
2024-04-12,36739937.18573173
2024-04-15,36337041.18573173
2024-04-16,35862625.18573173
2024-04-17,36348961.18573173
2024-04-18,37557649.18573173
2024-04-19,37912865.18573173
2024-04-22,37226273.18573173
2024-04-23,38778257.18573173
2024-04-24,39252673.18573173
2024-04-25,39038113.18573173
2024-04-26,38647137.18573173
2024-04-29,39016657.18573173
2024-04-30,36928955.62520194
2024-05-02,37123955.62520194
2024-05-03,37041655.62520194
2024-05-07,37577355.62520194
2024-05-08,37214755.62520194
2024-05-09,37015855.62520194
2024-05-10,37128255.62520194
2024-05-13,37505555.62520194
2024-05-14,37629455.62520194
2024-05-16,37902655.62520194
2024-05-17,36661955.62520194
2024-05-20,37062455.62520194
2024-05-21,37480755.62520194
2024-05-22,37791355.62520194
2024-05-23,38132755.62520194
2024-05-24,37711155.62520194
2024-05-27,38858555.62520194
2024-05-28,38716455.62520194
2024-05-29,39114455.62520194
2024-05-30,39472755.62520194
2024-05-31,39324042.900529444
2024-06-03,38379242.900529444
2024-06-04,37450242.900529444
2024-06-05,36909042.900529444
2024-06-07,37282942.900529444
2024-06-10,36983342.900529444
2024-06-11,34333942.900529444
2024-06-12,37079242.900529444
2024-06-13,37627392.900529444
2024-06-14,37729492.900529444
2024-06-17,37805942.900529444
2024-06-18,39937892.900529444
2024-06-19,39322392.900529444
2024-06-20,38500292.900529444
2024-06-21,37636492.900529444
2024-06-24,37829192.900529444
2024-06-25,37877842.900529444
2024-06-26,39113392.900529444
2024-06-27,40168242.900529444
2024-06-28,39398363.91746695
2024-07-01,39901463.91746695
2024-07-02,38727563.91746695
2024-07-03,38476013.91746695
2024-07-04,38559863.91746695
2024-07-05,38392163.91746695
2024-07-08,38476013.91746695
2024-07-09,38224463.91746695
2024-07-10,37721363.91746695
2024-07-11,37721363.91746695
2024-07-12,37469813.91746695
2024-07-15,37385963.91746695
2024-07-16,37302113.91746695
2024-07-17,37637513.91746695
2024-07-18,37469813.91746695
2024-07-19,36547463.91746695
2024-07-22,36295913.91746695
2024-07-23,35876663.91746695
2024-07-24,36044363.91746695
2024-07-25,35792813.91746695
2024-07-26,35876663.91746695
2024-07-29,36212063.91746695
2024-07-30,35792813.91746695
2024-07-31,35740003.34452345
2024-08-01,36459825.34452345
2024-08-02,35346655.34452345
2024-08-05,32083031.344523452
2024-08-06,33907885.34452345
2024-08-07,34519369.34452345
2024-08-08,35963935.34452345
2024-08-09,35941419.34452345
2024-08-12,36556347.34452345
2024-08-13,35734591.34452345
2024-08-14,35712933.34452345
2024-08-16,35454095.34452345
2024-08-19,36135657.34452345
2024-08-20,36502507.34452345
2024-08-21,37300625.34452345
2024-08-22,36528933.34452345
2024-08-23,36954609.34452345
2024-08-26,37392741.34452345
2024-08-27,37366897.34452345
2024-08-28,37135015.34452345
2024-08-29,36970971.34452345
2024-08-30,36803633.603828065
2024-09-02,35632373.603828065
2024-09-03,35567303.603828065
2024-09-04,35814569.603828065
2024-09-05,35254967.603828065
2024-09-06,35254967.603828065
2024-09-09,35189897.603828065
2024-09-10,35385107.603828065
2024-09-11,34695365.603828065
2024-09-12,35320037.603828065
2024-09-13,37363235.603828065
2024-09-19,37610501.603828065
2024-09-20,41215379.603828065
2024-09-23,37987907.603828065
2024-09-24,37246109.603828065
2024-09-25,35567303.603828065
2024-09-26,38976971.603828065
2024-09-27,37050899.603828065
2024-09-30,38210260.791707665
2024-10-02,38210260.791707665
2024-10-04,38210260.791707665
2024-10-07,38210260.791707665
2024-10-08,38210260.791707665
2024-10-10,38210260.791707665
2024-10-11,38210260.791707665
2024-10-14,38210260.791707665
2024-10-15,38210260.791707665
2024-10-16,38210260.791707665
2024-10-17,38210260.791707665
2024-10-18,38210260.791707665
2024-10-21,38210260.791707665
2024-10-22,38210260.791707665
2024-10-23,38210260.791707665
2024-10-24,38210260.791707665
2024-10-25,38210260.791707665
2024-10-28,38210260.791707665
2024-10-29,38210260.791707665
2024-10-30,38210260.791707665
2024-10-31,38210260.791707665
2024-11-01,38210260.791707665
2024-11-04,38210260.791707665
2024-11-05,38210260.791707665
2024-11-06,38210260.791707665
2024-11-07,38210260.791707665
2024-11-08,38210260.791707665
2024-11-11,38210260.791707665
2024-11-12,38210260.791707665
2024-11-13,38210260.791707665
2024-11-14,38210260.791707665
2024-11-15,38210260.791707665
2024-11-18,38210260.791707665
2024-11-19,38210260.791707665
2024-11-20,38210260.791707665
2024-11-21,38210260.791707665
2024-11-22,38210260.791707665
2024-11-25,38210260.791707665
2024-11-26,38210260.791707665
2024-11-27,38210260.791707665
2024-11-28,38210260.791707665
2024-11-29,38091471.97180017
2024-12-02,37655571.97180017
2024-12-03,37655571.97180017
2024-12-04,36347871.97180017
2024-12-05,36057271.97180017
2024-12-06,35694021.97180017
2024-12-09,34168371.97180017
2024-12-10,34676921.97180017
2024-12-11,35621371.97180017
2024-12-12,35548721.97180017
2024-12-13,36057271.97180017
2024-12-16,36129921.97180017
2024-12-17,35476071.97180017
2024-12-18,36420521.97180017
2024-12-19,35694021.97180017
2024-12-20,34531621.97180017
2024-12-23,34822221.97180017
2024-12-24,35185471.97180017
2024-12-26,34967521.97180017
2024-12-27,34241021.97180017
2024-12-30,33045197.319630172
2025-01-02,33045197.319630172
2025-01-03,33045197.319630172
2025-01-06,33045197.319630172
2025-01-07,33045197.319630172
2025-01-08,33045197.319630172
2025-01-09,33045197.319630172
2025-01-10,33045197.319630172
2025-01-13,33045197.319630172
2025-01-14,33045197.319630172
2025-01-15,33045197.319630172
2025-01-16,33045197.319630172
2025-01-17,33045197.319630172
2025-01-20,33045197.319630172
2025-01-21,33045197.319630172
2025-01-22,33045197.319630172
2025-01-23,33045197.319630172
2025-01-24,33045197.319630172
2025-01-31,32941968.729795173
2025-02-03,32282468.729795173
2025-02-04,32071068.729795173
2025-02-05,31889368.729795173
2025-02-06,31757268.729795173
2025-02-07,31848068.729795173
2025-02-10,31725668.729795173
2025-02-11,31862868.729795173
2025-02-12,31531468.729795173
2025-02-13,32096168.729795173
2025-02-14,32741268.729795173
2025-02-17,32035868.729795173
2025-02-18,33728668.72979517
2025-02-19,33549868.729795173
2025-02-20,33271568.729795173
2025-02-21,33472468.729795173
2025-02-24,34264468.72979517
2025-02-25,33487368.729795173
2025-02-26,33918668.72979517
2025-02-27,33545168.729795173
2025-02-28,31834624.45851018
2025-03-04,32441624.45851018
2025-03-05,37358324.458510175
2025-03-06,35780124.458510175
2025-03-07,35901524.458510175
2025-03-10,37236924.458510175
2025-03-11,36022924.458510175
2025-03-12,36205024.458510175
2025-03-13,34930324.458510175
2025-03-14,34141224.458510175
2025-03-17,33473524.45851018
2025-03-18,34262624.458510175
2025-03-19,34687524.458510175
2025-03-20,34201924.458510175
2025-03-21,36144324.458510175
2025-03-24,35051724.458510175
2025-03-25,32684424.45851018
2025-03-26,32987924.45851018
2025-03-27,32623724.45851018
2025-03-28,31409724.45851018
2025-03-31,30063367.797422677
2025-04-01,30063367.797422677
2025-04-02,30063367.797422677
2025-04-03,30063367.797422677
2025-04-04,30063367.797422677
2025-04-07,30063367.797422677
2025-04-08,30063367.797422677
2025-04-09,30063367.797422677
2025-04-10,30063367.797422677
2025-04-11,30063367.797422677
2025-04-14,30063367.797422677
2025-04-15,30063367.797422677
2025-04-16,30063367.797422677
2025-04-17,30063367.797422677
2025-04-18,30063367.797422677
2025-04-21,30063367.797422677
2025-04-22,30063367.797422677
2025-04-23,30063367.797422677
2025-04-24,30063367.797422677
2025-04-25,30063367.797422677
2025-04-28,30063367.797422677
2025-04-29,30063367.797422677
2025-04-30,29969281.31571658
2025-05-02,29352951.31571658
2025-05-07,28887861.31571658
2025-05-08,28935205.31571658
2025-05-09,28523111.31571658
2025-05-12,29481343.31571658
2025-05-13,29305347.31571658
2025-05-14,29499287.31571658
2025-05-15,29524067.31571658
2025-05-16,30756711.31571658
2025-05-19,30767177.31571658
2025-05-20,31394067.31571658
2025-05-21,31728319.31571658
2025-05-22,31792185.31571658
2025-05-23,32238799.31571658
2025-05-26,32283883.31571658
2025-05-27,32045905.31571658
2025-05-28,31624449.31571658
2025-05-29,34165571.31571658
2025-05-30,33172285.40033128
2025-06-02,33088985.40033128
2025-06-04,36251905.40033128
2025-06-05,37121665.40033128
2025-06-09,37749255.40033128
2025-06-10,37549925.40033128
2025-06-11,38222835.40033128
2025-06-12,38229685.40033128
2025-06-13,37630705.40033128
2025-06-16,39682915.40033128
2025-06-17,39113395.40033128
2025-06-18,38396545.40033128
2025-06-19,38469105.40033128
2025-06-20,38579745.40033128
2025-06-23,38238185.40033128
2025-06-24,39674635.40033128
2025-06-25,39692815.40033128
2025-06-26,38899135.40033128
2025-06-27,39032935.40033128
2025-06-30,38727744.181018285
2025-07-01,37863544.181018285
2025-07-02,38037594.181018285
2025-07-03,37503344.181018285
2025-07-04,36711544.181018285
2025-07-07,38569894.181018285
2025-07-08,39438044.181018285
2025-07-09,39457244.181018285
2025-07-10,39168244.181018285
2025-07-11,38687144.181018285
2025-07-14,39571944.181018285
2025-07-15,40812394.181018285
2025-07-16,40106244.181018285
2025-07-17,39994944.181018285
2025-07-18,40159194.181018285
2025-07-21,40411244.181018285
2025-07-22,39849794.181018285
2025-07-23,39993244.181018285
2025-07-24,40485194.181018285
2025-07-25,40430044.181018285
2025-07-28,39871394.181018285
2025-07-29,40884744.181018285
2025-07-30,40051794.181018285
2025-07-31,39575255.7205008
2025-08-01,39951655.7205008
2025-08-04,39284505.7205008
2025-08-05,40126955.7205008
2025-08-06,40106605.7205008
2025-08-07,40685055.7205008
2025-08-08,40679105.7205008
2025-08-11,39036305.7205008
2025-08-12,38149305.7205008
2025-08-13,43002505.7205008
2025-08-14,40481455.7205008
2025-08-18,41043355.7205008
2025-08-19,39811305.7205008
2025-08-20,39325355.7205008
2025-08-21,40495405.7205008
2025-08-22,40893055.7205008
2025-08-25,41524155.7205008
2025-08-26,40471255.7205008
2025-08-27,41120155.7205008
2025-08-28,41202505.7205008
2025-08-29,41286404.7184058
2025-09-01,39695804.7184058
2025-09-02,41141804.7184058
2025-09-03,41937104.7184058
2025-09-04,42105804.7184058
2025-09-05,41623804.7184058
2025-09-08,41021304.7184058
2025-09-09,41431004.7184058
2025-09-10,39286104.7184058
2025-09-11,40057304.7184058
2025-09-12,40973104.7184058
2025-09-15,40997204.7184058
2025-09-16,43889204.7184058
2025-09-17,42443204.7184058
2025-09-18,43118004.7184058
2025-09-19,43069804.7184058
2025-09-22,47070404.7184058
2025-09-23,48034404.7184058
2025-09-24,47986204.7184058
2025-09-25,48130804.7184058
2025-09-26,46154604.7184058
2025-09-29,46467904.7184058
2025-09-30,45546771.4679358
2025-10-01,45546771.4679358
2025-10-02,45546771.4679358
2025-10-10,45546771.4679358
2025-10-13,45546771.4679358
2025-10-14,45546771.4679358
2025-10-15,45546771.4679358
2025-10-16,45546771.4679358
2025-10-17,45546771.4679358
2025-10-20,45546771.4679358
2025-10-21,45546771.4679358
2025-10-22,45546771.4679358
2025-10-23,45546771.4679358
2025-10-24,45546771.4679358
2025-10-27,45546771.4679358
2025-10-28,45546771.4679358
2025-10-29,45546771.4679358
2025-10-30,45546771.4679358
2025-10-31,45404976.14035381
2025-11-03,47738751.14035381
2025-11-04,46388781.14035381
2025-11-05,45357411.14035381
2025-11-06,43540796.14035381
2025-11-07,41861091.14035381
2025-11-10,43029041.14035381
2025-11-11,42314851.14035381
2025-11-12,43294981.14035381
2025-11-13,43732326.14035381
2025-11-14,41759156.14035381
2025-11-17,42187106.14035381
2025-11-18,41419171.14035381
2025-11-19,40569941.14035381
2025-11-20,41633191.14035381
2025-11-21,39879946.14035381
2025-11-24,39429991.14035381
2025-11-25,39231346.14035381
2025-11-26,40168696.14035381
2025-11-27,40442261.14035381
2025-11-28,40338443.765412316
2025-12-01,44280643.765412316
2025-12-02,43937843.765412316
2025-12-03,45137643.765412316
2025-12-04,46765943.765412316
2025-12-05,51136643.765412316
2025-12-08,51050943.765412316
2025-12-09,47280143.765412316
2025-12-10,47537243.765412316
2025-12-11,45137643.765412316
2025-12-12,45566143.765412316
2025-12-15,45309043.765412316
2025-12-16,45137643.765412316
2025-12-17,46423143.765412316
2025-12-18,44366343.765412316
2025-12-19,47108743.765412316
2025-12-22,48051443.765412316
2025-12-23,46166043.765412316
2025-12-24,46937343.765412316
2025-12-26,46594543.765412316
2025-12-29,48565643.765412316
2025-12-30,50277549.34440333
2026-01-02,65184749.34440333
2026-01-05,65218629.34440333
2026-01-06,65218629.34440333
2026-01-07,61491829.34440333
2026-01-08,61491829.34440333
2026-01-09,64032829.34440333
2026-01-12,65726829.34440333
2026-01-13,60441549.34440333
2026-01-14,58950829.34440333
2026-01-15,58849189.34440333
2026-01-16,58374869.34440333
2026-01-19,62779269.34440333
2026-01-20,67386949.34440333
2026-01-21,64778189.34440333
2026-01-22,65726829.34440333
2026-01-23,73519229.34440333
2026-01-26,76907229.34440333
2026-01-27,78770629.34440333
2026-01-28,76568429.34440333
2026-01-29,87918229.34440333
2026-01-30,91871449.16383584
2026-02-02,85948364.16383584
2026-02-03,90091669.16383584
2026-02-04,89513339.16383584
2026-02-05,86423034.16383584
2026-02-06,84340009.16383584
2026-02-09,88157794.16383584
2026-02-10,89884894.16383584
2026-02-11,89399549.16383584
2026-02-12,90437369.16383584
2026-02-13,89365639.16383584
2026-02-19,91194989.16383584
2026-02-20,91417929.16383584
2026-02-23,92515029.16383584
2026-02-24,94586249.16383584
2026-02-25,99803109.16383584
2026-02-26,101966079.16383584
2026-02-27,100015916.94777237
2026-03-03,92018516.94777237
2026-03-04,83498476.94777237
2026-03-05,90015256.94777237
2026-03-06,89799276.94777237
2026-03-09,86949416.94777237
2026-03-10,87744296.94777237
2026-03-11,87720456.94777237
2026-03-12,87849216.94777237
2026-03-13,87483556.94777237
2026-03-16,86219306.94777237
2026-03-17,87113576.94777237
2026-03-18,87918556.94777237
2026-03-19,85687406.94777237
2026-03-20,85522676.94777237
2026-03-23,81853556.94777237
2026-03-24,83188636.94777237
2026-03-25,84455186.94777237
2026-03-26,83022586.94777237
2026-03-27,82624656.94777237
2026-03-30,81096676.94777237
2026-03-31,79167760.40360786
2026-04-01,78921765.39148287
